roberta_neg,roberta_neu,roberta_pos,ID,Reviews
0.09072601,0.61034113,0.29893282,1,my role model
0.05077288,0.78011984,0.16910738,2,Me gusto el mensaje
0.0078115985,0.026343849,0.9658445,3,"Did I just finish one of the most tearjerker time traveller films of all time at 2 am? Yes.‚ÄúWe are all travelling through time together, everyday of our lives. What we can do is do our best to relish this remarkable ride.‚ÄùThis was a rollercoaster of emotions. It‚Äôs such a lovely film. I loved every moment of it. There were plot holes that would have been better if explained further, but everything about this film will make you‚Ä¶"
0.019879302,0.7496651,0.23045564,4,"El secreto de la felicidad est√° en los detallesUn hombre que puede viajar en el tiempo usa su talento para conquistar al amor de su vidaEmotiva, sencilla, originalUna pel√≠cula tierna, dulce y divertida, excelente para pasar un momento en pareja o en familia, a diferencia de muchos melodramas, tiene una historia muy original, creativa, y con un buen grado de profundidad.Maneja un ambiente cl√°sico pero muy bien adaptado de los melodramas, con constantes toques de humor‚Ä¶"
0.020112919,0.52529216,0.45459485,5,Perfecta en todos los sentidos
0.0029278114,0.015166755,0.98190546,6,Cutest movie ever. Also she‚Äôs perfect
0.0039630192,0.068404526,0.92763245,7,"Isn't this the point of life? Going through everyday living and feeling your emotions to the fullest, is the real superpower any human needs. Oh don't forget to love and be loved <3"
0.036282692,0.07935162,0.8843657,8,"ive just watched the most amazing film ever (imo). ive never been this broken after watching a film in my life. ive never cried this much after a filmüò≠ (i might never recover). a film about a time traveling protagonist trying to get a girlfriend is such a silly premise, but it sucker punches u out of nowhere. halfway through u leave a lighthearted, goofy romantic comedy and ur transported to a deep, emotional, and moving film that hits u‚Ä¶"
0.0062385914,0.057278026,0.9364834,9,not my genre but it's good üò≠
0.008900567,0.016659996,0.97443944,10,"This movie is beautiful, like, i NEVER cry in movies except when animals die THATS THE ONLY REASON!!! but this movie changed that, i really loved it."
0.11705709,0.8090025,0.073940314,11,la concha de tu madre joaqu√≠n no ves que soy sensible c√≥mo me vas a hacer mirar esto pd: estuve toda la pel√≠cula arrancandome los pelos
0.0017725136,0.02033207,0.97789544,12,May be the most ‚Äòordinary‚Äô movie ever..!Live every moment beautiful and squeeze every ounce life out of it my dear friends.
0.5853587,0.30164185,0.11299943,13,two tearjerkers in one day? this made me really miss my dad a lot¬†i too wish I could hug him so much more
0.0021603866,0.0063838223,0.99145573,14,it's a love story!!!!! a story about love!!!!! it is so good i wept so much and i laughed even more and my heart was so full it almost exploded with the force of it!!
0.006794551,0.05895367,0.9342517,15,"some plot holes and stuff but still one of the most comforting, life-affirming movies ever"
0.14798594,0.7939294,0.058084656,16,C'est le premier film de ma vie o√π je me suis dis que le cin√©ma c'√©tait pas que des super-h√©ros mais aussi des √©motions
0.0037403693,0.0177364,0.97852325,17,damn very good long build up i had a nice good cry
0.020734908,0.0569249,0.92234015,18,"im in tears, but i loved the colouring of this movie"
0.0880869,0.8341729,0.077740185,19,q hermosa pel√≠cula te amo
0.31142423,0.6281803,0.06039546,20,something gave me the ick about ginger man and his time travel moments for a while thereü§î
0.92609733,0.05897147,0.01493123,21,bro fuckkkk üò≠üò≠üò≠üò≠üò≠
0.7926761,0.19835697,0.008966987,22,Why is british people everywhere
0.85880595,0.1326728,0.008521206,23,I'd be pissed if all the men in my family could time travel and not me
0.0024428032,0.019573543,0.97798365,24,such a lovely experiance
0.6995589,0.2798677,0.020573398,25,can someone tell me how tf is domnhall gleeson still so underrated with how much stuff he's in
0.004151802,0.12676291,0.8690853,26,acting - 8/10story - 10/10theme - 10/10characters - 9/10screenplay - 10/10direction - 9/10pacing - 10/10cinematography - 7/10score - 9/10enjoyment - 10/10OVERALL: 92/100
0.03993263,0.783526,0.17654136,27,I need Rachel McAdams
0.96123916,0.034607667,0.004153175,28,his last conversation with his dad breaks my heartüòøüòø
0.0051509966,0.014242969,0.980606,29,"I'm usually not the biggest fan of romantic comedies, but this film is basically perfect. It had me smiling, laughing and tearing up all the way through. Just an absolute joy of a movie, charming and warm and everything British rom coms should be."
0.06486175,0.626064,0.30907428,30,stayed up til 4 am watching this
0.0034051635,0.08147907,0.9151158,31,domhnall gleeson it‚Äôs so hot in this
0.11898278,0.7899086,0.091108635,32,"b√°rbaro, no se como no conoc√≠a esta pel√≠cula pero agradezco haberla conocido mi ultima d√≠a de clases en la universidad porque el significado es mucho m√°s profundo"
0.2269504,0.6885319,0.084517755,33,dispenso coment√°rios
0.003856122,0.07092822,0.9252156,34,Ben Folds has made an immeasurable contribution to cinema between the Over the Hedge soundtrack and his needle drop in this movie
0.037698656,0.45359206,0.50870925,35,‚ÄúAbout time‚Äù that I saw thisüòâüò¨ü•µü§™üòà
0.0034608701,0.058970045,0.9375691,36,my fave I want to live in this universe
0.1086849,0.837744,0.053571045,37,Panget to kapag may nakawatch party ka. Mago-ghost ka bigla
0.1188702,0.7932688,0.087861,38,"que filme lindo sinceramente, eu n√£o tenho palavras para descrever como √© bonito, a rela√ß√£o de pai e filho mexeu de uma forma absurda comigo, n√£o tem como n√£o amar cada detalhe"
0.0055456357,0.016872749,0.97758156,39,"just to think about that ‚Äúquick little walk‚Äù and i start sobbing. such a cute, romantic, lovely movie about love and family. it‚Äôs just beautiful."
0.00251611,0.036378775,0.9611051,40,"We are all traveling through time together, every day of our lives. All we can do is do our best to relish this remarkable ride.¬†I want to live every single day of my life like this üëÜ"
0.8191428,0.16436021,0.01649704,41,"Really didn't expect to be emotionally wrecked by Bill Nighy in this movie, but here we are."
0.011911872,0.022185685,0.96590245,42,Life is fucking beautiful
0.07075743,0.8404101,0.088832505,43,QUERO VIVER UM AMOR ASSIM (amo filme com viage no tempo)
0.020989796,0.47750258,0.50150764,44,the rom com to top all rom coms
0.13897544,0.8221913,0.038833264,45,eu nunca vou me cansar desse filme nunca em toda minha vida meudeus do ceu que coisa maravilhosa
0.96495396,0.030963905,0.00408217,46,I hate these time travel rules
0.113121234,0.7648629,0.12201592,47,esse filme √© muito bom
0.015969248,0.41068733,0.57334346,48,I‚Äôm just here for Domhnall Gleeson and Rachel McAdams
0.484211,0.4371084,0.078680575,49,We‚Äôre just not gonna acknowledge how creepy it is and honestly I‚Äôm not mad about it
0.8755562,0.10022171,0.024222199,50,This is my second time watching it and I remember it being really sweet and heart warming and I did not enjoy it this time. They said prostitute 30x. Not one of the times was funny. I don‚Äôt like rating movies I don‚Äôt like but I made max watch this and he asked me to write a review. BOOOOOOO
0.96440214,0.030823054,0.0047747535,51,The main character is genuinely so scary in the first part of this movie‚Ä¶ the wife character is the most like man vision of how a fun lil romantic lead should act‚Ä¶ the time travel makes no fucking sense‚Ä¶ every character is paper thin‚Ä¶ they use the same stupid piano theme after every scene‚Ä¶ the fact that this movie is as highly rated as it is blows my mind.
0.8265052,0.15370306,0.01979168,52,about time for me to get a girlfriend fuk
0.68845147,0.28456575,0.026982756,53,pega diferente verla el √∫ltimo d√≠a de clases de la universidad üò≠üò≠üò≠üò≠üò≠üò≠üò≠
0.47173232,0.50784457,0.02042311,54,domhnall gleenson is never beating the weasley allegations
0.70221686,0.26546735,0.032315776,55,Only reason why I didn‚Äôt put 5 stars is because I was not warned that I would cry during this
0.8571447,0.12720841,0.015646823,56,"Like Adam Sandler‚Äôs Click, but British and ten times worse"
0.11001207,0.81733316,0.07265477,57,"se a palavra ""carinho"" fosse um filme"
0.117683545,0.35696065,0.52535576,58,Give me a better soundtrack and it‚Äôs five stars
0.9581358,0.037946086,0.0039181327,59,i ... feel robbed of my time
0.07708566,0.81004333,0.11287098,60,que filme mais lindo!! queria muito ter o autocontrole que o Tim teve quando a margot robbie tava dando em cima dele
0.7796501,0.17773858,0.042611275,61,this movie had me sobbing.¬†i should probably call my dad
0.00380858,0.04822823,0.94796324,62,i won‚Äôt cry anymorealways a good reminder of your life and happiness
0.057114806,0.74133927,0.20154601,63,"que roteiro, um roteiro digno de filme com viagem no tempo. esse filme √© um filma√ßo de romance com viagem no tempo, ainda faz voc√™ realmente pensar sobre a vida e sobre aproveitar cada mil√©simo de segundo do seu tempo. sem falar que faz voc√™ pensar toda hora em como voc√™ gostaria de voltar no tempo em v√°rios momentos da sua vida que voc√™ se arrependeu. um elenco incr√≠vel, personagens carism√°ticos e roteiro digno, sem falar da com√©dia que super funcionou. esse filme eh completamente PERFEITO, traz varias li√ß√µes muito preciosas, super recomendo!!"
0.6572626,0.24827679,0.09446055,64,i‚Äôm sobbing i didn‚Äôt think i would sob
0.0024009913,0.0063835564,0.99121547,65,"Still love this movie, the ending with the day is just ü§åüèºü§ß"
0.0068205856,0.1315864,0.861593,66,Aww :)
0.0013714171,0.0062689814,0.9923596,67,"One of my favorite movies! It is not just about love but also has the story of family. It is very heartwarming, and I really love the relationship that they have."
0.064362966,0.85082287,0.084814094,68,"Um dos melhores filmes sobre rela√ß√µes humanas e relacionamentos reais. A tem√°tica da viagem no tempo fica em segundo plano e o que se destaca s√£o as intera√ß√µes entre os personagens, principalmente o romance fora do √≥bvio entre os protagonistas, que mesmo diante das dificuldades encontraram beleza e for√ßa em construir uma vida juntos."
0.16186185,0.7865041,0.05163404,69,n√£o ironicamente pensei que ia gostar bem menos(camila j√° pode soltar a faca
0.038639538,0.59521645,0.3661441,70,supeeer super super laku noƒá#minarecs
0.13969624,0.6362589,0.22404483,71,I wish
0.62321925,0.30779636,0.06898436,72,"it‚Äôs crazy because i started this film cringing a little and really not wholly invested at all (time travel? going into cupboards? what?) and yet by the end of it i did cry. i don‚Äôt think i expected it to be as accessible in certain ways as it was, since it‚Äôs basically less about these individuals (cannot relate to tim very much myself) but rather time itself and how it can warp things, so in the end it‚Äôs better to‚Ä¶"
0.0035121962,0.053546067,0.9429418,73,best movie of its genre
0.5589269,0.40689093,0.03418224,74,This review may contain spoilers. I can handle the truth.  Can‚Äôt be rejecting Margot like that.
0.057191968,0.12757884,0.8152292,75,I think when it comes to Romcoms - Richard Curtis is my guy.¬†Where do I even fault this beautiful masterpieceI laughed. I cried.¬†This is how it‚Äôs done.I don‚Äôt care if it‚Äôs ‚Äúsoppy‚Äù or ‚Äúunrealistic‚Äù. This is what I signed up for.Unbelievable acting supported by my idea of a perfect script.I think I want to marry Mary
0.05888582,0.8704954,0.07061878,76,um dos melhores filmes de romance de todos os tempos
0.0059764953,0.023409897,0.97061366,77,I üò≠üò≠üò≠üò≠ LOVE üò≠üò≠üò≠ LOVE üò≠üò≠üò≠üò≠üò≠üò≠üò≠üò≠üò≠üò≠üò≠
0.91684204,0.07066838,0.012489622,78,"I cried really hard at the end, I don‚Äôt want my dad to go :("
0.010653943,0.121238224,0.86810786,79,"""I just try to live every day as if I've deliberately come back to this one day, to enjoy it, as if it was the full final day of my extraordinary, ordinary life."""
0.0017580992,0.005543012,0.99269885,80,What a heartwarming movieü•π I loved everything about this!
0.0029614393,0.010723036,0.98631555,81,"i really enjoyed watching this movie. it doesn't require me to think too much but still interesting to watch. sad but totally heartwarming to see. absolutely love the father-son relationship portrayed in this movie, have never really seen a bond like that irl."
0.0013369453,0.024503713,0.97415936,82,Another good watch with the wife. üòå
0.19863318,0.6653284,0.13603842,83,Fofos e reflexivo
0.24414103,0.54582715,0.21003182,84,Noice
0.18302794,0.7276757,0.08929634,85,uncle desmond.
0.8320512,0.15670374,0.011245022,86,Only true cinephiles notice that he paid an absurd amount for that meal deal and didn't even get a third item
0.12277637,0.72852284,0.14870083,87,Me quiero morir.
0.8377743,0.14144729,0.020778434,88,This hurt
0.0062543834,0.019964464,0.9737812,89,About Time is just so fucking good isn't it. I watched this recently around April time and I resonated with the film so much that I decided to rewatch it only 2 months later. Well it's safe to say this film is still as good as it was previously.I noticed a lot more in this film the second time round that I didn't notice on first watch. I resonated with the characters much more and it only really sunk‚Ä¶
0.9756226,0.02110677,0.003270704,90,thank you for ruining my life
0.0046748295,0.12709165,0.8682335,91,I aspire to be as cool as Tim‚Äôs mom
0.74736017,0.23244794,0.02019184,92,Now I don‚Äôt want time travel powers
0.12144466,0.2911437,0.5874117,93,will never not watch this movie
0.004639529,0.031351432,0.96400905,94,Ug best movie ever made. I wish love was real.
0.178201,0.65141934,0.17037971,95,"This is what I needed today, do you think that he could live forever? I mean he does have the ability to travel back in time, he only needs to live in dark area, speaking if it‚Äôs a planned death."
0.009230971,0.016198142,0.9745709,96,ahhhh it‚Äôs so cute how can u not love it
0.004176922,0.01164655,0.9841765,97,I forgot how much I love this movieü•π
0.0760149,0.83220947,0.091775686,98,por alg√∫n motivo me encanta estar viva
0.002816422,0.023474267,0.97370934,99,"cute movie, a little cheesy. i like the direction of the third act, bill nighy rules!"
0.001431985,0.009469607,0.9890984,100,Enjoyable and wholesome film. Made me smile thorough out.
0.0058413786,0.014389982,0.9797687,101,LOVELY MOVIE i cried
0.0053271414,0.013963175,0.9807097,102,Wonderful! Rom coms can go terribly wrong but this one is just great! It‚Äôs funny and witty and the cast is really really good!¬†Quiet emotional and just the whole concept too like I‚Äôm quiet a fan of ‚Äútime travel‚Äù movies¬†Domnhall was hilariously funny in this and you get to see Rachel half naked so win win if u ask me Great film
0.022926686,0.55687946,0.42019388,103,Liv movie if ever there was one
0.3229444,0.27113548,0.4059201,104,tom hollander played the best and most likable unlikable asshole of all time
0.26558718,0.6394225,0.09499036,105,This review may contain spoilers. I can handle the truth.  EU QUERO AMAR E SER AMADO VO ME MAT
0.075516306,0.8149883,0.109495334,106,super ganda potangina
0.16589108,0.7131855,0.120923415,107,uncle desmond>>>
0.07006529,0.5043822,0.42555246,108,why was i sitting here grinning and chuckling away as if i was the one with rachel mcadams
0.16035159,0.7949821,0.044666383,109,‡∏î‡∏µ‡∏°‡∏≤‡∏Å‡πÜ‡πÜ‡πÜ‡πÜ ‡∏Æ‡∏∑‡∏≠‡∏≠‡∏≠‡∏≠‡∏≠‡∏≠ ‡πÑ‡∏°‡πà‡∏£‡∏π‡πâ‡∏à‡∏∞‡∏û‡∏π‡∏î‡∏≠‡∏∞‡πÑ‡∏£‡∏ô‡∏≠‡∏Å‡∏à‡∏≤‡∏Å‡∏î‡∏µ‡∏°‡∏≤‡∏Å ‡∏Ñ‡∏≤‡πÅ‡∏£‡∏Ñ‡πÄ‡∏ï‡∏≠‡∏£‡πå‡πÅ‡∏ó‡∏ö‡∏ó‡∏∏‡∏Å‡∏Ñ‡∏ô‡∏ô‡πà‡∏≤‡∏£‡∏±‡∏Å ‡∏û‡∏£‡∏∞‡πÄ‡∏≠‡∏Å‡∏ô‡πà‡∏≤‡∏£‡∏±‡∏Å ‡∏ô‡∏≤‡∏á‡πÄ‡∏≠‡∏Å‡∏ô‡πà‡∏≤‡∏£‡∏±‡∏Å ‡∏™‡∏∏‡∏î‡∏¢‡∏≠‡∏î‡∏°‡∏≤‡∏Å‡∏à‡∏£‡∏¥‡∏á‡πÜ
0.1157902,0.66693896,0.21727088,110,About time I watched this again
0.46686184,0.3749583,0.15817991,111,This was supposed to make me feel better like it normally does. It did not
0.04197384,0.3678163,0.59020984,112,why is it giving himym vibes in the best possible way
0.53267443,0.4017676,0.065557934,113,"Great, gets less because of the final monologue."
0.0042988854,0.3508006,0.6449005,114,"volver a ver esta pel√≠cula despu√©s de tanto, con la persona que amo al lado, experiencia 10/10. ü©∑"
0.9796841,0.017559584,0.0027562666,115,You have to be a sentimental idiot to look past the plot holes and unpleasantness in the romancing section of this but fuck me dead I am a god damn moron and so into this.
0.4300526,0.37898296,0.19096442,116,i would pay to get my memory erased just to watch this movie for the first time again
0.26988843,0.5176308,0.21248074,117,"I mean it was cute, but isn't kinda creepy to obsess over someone like that?"
0.09204605,0.8522389,0.05571496,118,A cena da praia continua a ser das melhores cenas da hist√≥ria do cinema.
0.19254889,0.68845844,0.11899266,119,MARGOT ROBBIE AND RACHEL MCADAMS IN ONE MOVIE ?!?!?!?!?!?!
0.0020927526,0.008142072,0.98976517,120,Really love this movie
0.083422065,0.78779256,0.12878536,121,"la vi por primera vez en un autob√∫s de viaje a la playa, desde ah√≠ la he visto como 8 veces, la amo, me hace llorar siempre"
0.92021126,0.07156471,0.00822408,122,"for some reason, i couldn't find a good stream of Can't Buy Me Love, so I depressingly watched this instead."
0.1400418,0.31802106,0.5419371,123,So much more than the simple romcom I was expecting. The amount of love in every second of it was astounding and Bill Nighy and Lindsay Duncan portrayals have this profound understanding of life. I think Richard Cordery‚Äôs performance as Uncle Desmond at the funeral is what finally broke me.
0.010037904,0.3513136,0.63864857,124,Comfort movie
0.10033427,0.8300722,0.069593474,125,Ang lungkot pala magkaroon ng tatay buti na lang wala ako
0.049756017,0.7821295,0.16811451,126,"La he visto mil veces, mil veces me vuelve a encantar. Vivir el presente, disfrutar los peque√±os placeres, el valor de lo ef√≠mero."
0.03331074,0.5755874,0.39110187,127,"Es que ni se que decir de esta pel√≠cula, pero que lindo el amor y como cada persona lo interpreta o siente de diferentes maneras. ‚ÄúTrue love last a lifetime‚Äù"
0.3316547,0.57287794,0.09546741,128,"‚Äúall time traveling in the world can‚Äôt make someone love you‚Äù muy linda pel√≠cula, no me recordaba lo linda que era"
0.11962563,0.527439,0.3529353,129,this movie altered the trajectory of my life the first time i watched it
0.88215894,0.10107488,0.016766196,130,This review may contain spoilers. I can handle the truth.  This movie frustrated me because it ended on such a good note. But to me there‚Äôs so many plot holes and the main character is pretty annoying in the fact that he just gets to be a creep and cheat his way through life. Margot Robbie is a plus though
0.5501026,0.38587278,0.064024635,131,ok well shit‚Ä¶¬†Daisy was right.
0.0121524,0.047527425,0.94032025,132,Domhnall Gleeson needs his respect. Such an underrated actor. This movie was so good and so beautiful.
0.11571907,0.81869674,0.065584175,133,um dos filmes mais lindos que j√° vi
0.76492435,0.17954525,0.055530395,134,You would think this movie would be shit but it‚Äôll get you every. Single. Time.
0.1082769,0.83923274,0.052490365,135,que com√©dia rom√¢ntica s√£o essas que me fazem chorar
0.5391418,0.42618978,0.034668446,136,barely passed the bechdel test
0.0037663726,0.02994892,0.96628463,137,THE FRINGE IS THE BEST BIT!!!!!
0.8588527,0.10935659,0.031790853,138,"This review may contain spoilers. I can handle the truth.   at times it was beautiful, inspiring, & made me rethink my life and appreciate it more, but i was mostly just annoyed by this movie LOL. barely any of the humor worked for me and i found a lot of the characters just not very likeable ?? even the main two ? im kind of disappointed by this a little. smh. + every decision domnhall gleeson made for the first half of this movie felt like the absolute wrong one. like‚Ä¶"
0.15194291,0.7550944,0.09296267,139,esse ruivo √© um manipular!!!!¬†prendam esse homem¬†a vida inteira dele √© baseada em mentiras¬†e MESMO assim ele n√£o volta no tempo pra ficar rico¬†esquerdomacho √© foda at√© na fic√ß√£o
0.80847204,0.15253516,0.038992867,140,to everyone that advertised this movie as a cute romcom. you are cruel.
0.19092493,0.6375576,0.17151739,141,Llore horas
0.48887444,0.46825427,0.04287138,142,The real crime is choosing between Rachel McAdams and Margot Robbie.
0.01059259,0.18173678,0.80767065,143,this is how I want my life to feel like
0.03894743,0.3139828,0.64706975,144,should rewatchsome parts felt sooo long but it‚Äôs a comfort film
0.08462856,0.8434671,0.0719043,145,ai vou sempre lembrar de voltar pra reassistir esse
0.0032130773,0.039069287,0.95771766,146,i honestly don‚Äôt need to write a review but i just want everyone to know this is my favorite movie of all time and if you haven‚Äôt watched it you need to ok byeeeee
0.93738526,0.057841334,0.004773466,147,"i just really didn't like this movie.i'm not a fan of movies where its just entirely the male gaze (random scenes of rachel mccadams stripping, her entire character just existing to be a mother and have sex with him, him using his power of time travel to have sex with her over and over and over, the tent for the wedding party collapsing from rain causing water to conveniently fall all over the womens shirts (who also happen to‚Ä¶"
0.0139428275,0.05206437,0.9339928,148,"Im surprised i've never heard about this movie!Great movie very sweet, made me cry but only a little bit and not of sadness but because of a moment that¬†is bittersweet.-----If i had a penny for everytime rachel mcadams played the love interest of a time traveler id have three pennies. Which isnt many but its strange it happened three times"
0.055392314,0.83555436,0.109053366,149,Una pel√≠cula la cual puede mostrar un amor muy sincer√≥
0.4939621,0.45511723,0.05092072,150,This review may contain spoilers. I can handle the truth.  no way bill weasley pulled margot robbie and rachel mcadams in one movie
0.05914882,0.7902229,0.15062834,151,filme triste e feliz ao mesmo tempo amei
0.029635267,0.83079493,0.1395698,152,c'est ce qu'on appelle un tr√®s beau film ^^
0.9679394,0.027962077,0.004098595,153,im so fucking devastated
0.0023302813,0.03470038,0.96296936,154,if you get to the second half this movie becomes more than bearable
0.0063877697,0.09874823,0.89486396,155,AMOOOOOO üíï
0.8508518,0.13718374,0.011964538,156,"this is ridiculous. what if i want to travel to the sahara? i mean i‚Äôm not a professional but as far as i know, there aren‚Äôt any closets in the sahara.also i th"
0.0031170733,0.042894144,0.95398873,157,Great romantic sci-fi. What Yesterday wanted to be.
0.08050447,0.83463436,0.08486117,158,esse √© um dos poucos filmes que sempre me faz chorar
0.10443633,0.7995812,0.09598247,159,malditasea como me hace llorar
0.09598786,0.82708657,0.076925606,160,hijueputa como llor√© cuando muri√≥ el pap√°
0.35981628,0.3859065,0.25427726,161,"Yeah it‚Äôs lovely, surprisingly poignant and probably Richard curtis‚Äôs best film but it‚Äôs slightly fucked up to think that you could slightly tweak it and it essentially becomes a horror movie about Rachael mcadams ¬†discovering that her life is being controlled by a manipulative time traveller. Still‚Ä¶‚Ä¶.yay romance?"
0.11855487,0.41995364,0.46149153,162,"Well the film left me with a lot of emotion. In retropect some of the twee tone annoyed me a little, and the female characters I thought were a bit male gazey throughout. However despite it ostensibly being a rom com, by far the strongest and most emotional part is the father/son relationship. With Bill Nighy and Brendan Gleeson giving a standout performance."
0.059521444,0.20727734,0.7332012,163,I zoned out halfway through this movie. I really want to get wingstop. Idk why but that‚Äôs all I could think about. I cannot tell you what happened in the second half at all but first half was a solid 3 üòã
0.10465822,0.81073695,0.08460479,164,"Film che non avrei mai scelto di vedere dal poster. Come si dice, non giudicare mai i film dalla copertina... per fortuna un cengone del passato lo aveva messo nella watchlist, non ricordo neanche pi√π perch√©.Insomma alla fine d√† molto pi√π di quello che ci si aspetta.Paradossi temporali a bizzeffe ma anche tantissimo romanticismo sulla vita."
0.0025138587,0.006041306,0.9914449,165,This movie is so sweet I just love it so muchü§ß
0.1810169,0.7362272,0.08275592,166,Baba sahneleri beni aƒülatmƒ±≈ütƒ±r
0.050584473,0.5004012,0.44901428,167,Wow quel film je m‚Äôy attendais pas
0.09780885,0.825376,0.07681524,168,dios la voy a ver mil veces y cada una de ellas voy a llorar
0.08043387,0.85542333,0.064142846,169,por esta pel√≠cula es que quiero un romance
0.11992835,0.7907344,0.08933727,170,"Sommige films breken je echt, lekker gehuild. Toch heel mooi ook en laat me altijd weer even appricieren hoe mooi het leven ook is. Ook met de slechte momenten etc..."
0.0048746387,0.017045727,0.9780797,171,No words can express how perfect this film is
0.0012669769,0.015279082,0.98345387,172,"The most well-scripted and featuring the most empathetic characters I have ever seen in a film. Bill Nighy as Tim's father was a profound choice; his calm wisdom and sarcastic humor make him feel so human and loving. His relationship with Tim is definitely my favorite of the whole movie, as it is magically nostalgic. Pun intended, as they share similar moments in time multiple times together -- that just makes their connection more relatable. Family movies like these always‚Ä¶"
0.68585855,0.2868638,0.027277553,173,too many gingers
0.0070961774,0.120000735,0.87290305,174,Tough choice between Rachel Adams and Margot Robbie ngl.Fun plot and engaging pacing.Romance7/10
0.020510927,0.30160844,0.67788064,175,‚ÄòI‚Äôm so good without the ball‚Äô -Davey Jones to general Hux
0.43220338,0.49311182,0.07468485,176,so very british
0.0032283233,0.084537074,0.91223454,177,favorite film of all time
0.48083055,0.4482417,0.07092775,178,new comfort film :(
0.006146165,0.102817595,0.8910362,179,love is real
0.011424981,0.7896051,0.19896996,180,on wednesday‚Äôs we travel back in time
0.94689864,0.049126256,0.003975166,181,This movie revealed to me that I no longer like romantic movies
0.006329557,0.016247232,0.97742325,182,i love this movie for making me cry so hard üò≠
0.007905796,0.018637378,0.9734568,183,well that was amazing. I will now not be able to get over the walk on the beach. sort of hit every emotion really. beautiful film.
0.0020299607,0.027104817,0.97086525,184,"THIS MOVIE IS SWEETTT, OH TO HAVE HIS POWER"
0.0052196346,0.04714629,0.94763404,185,Me and who? Might actually be my fav movie ever (the last 15 minutes made me cry)
0.0017580243,0.01300605,0.9852359,186,My like 4/5th watch and the end still gets me every time. One of my favs. Also the soundtrack fits so well.
0.9267666,0.065295964,0.007937456,187,This review may contain spoilers. I can handle the truth.  why do i do this to myselfthis is one of the very few films that can make me sob as hard as i did the first time i watched it.the day bill nighy actually dies is the day i die.
0.014182202,0.13398932,0.8518285,188,still amazing
0.9695338,0.024459,0.006007308,189,I don‚Äôt know why I keep rewatching this because it just fucking wrecks me every time my god
0.013507441,0.15278773,0.8337048,190,"the soundtrack, ending, and realizations about this movie made me a completely different person"
0.06274232,0.12331063,0.813947,191,"""Thank you for asking me. And thank you for not going for one of those melodramatic proposals with lots of people around. I hate other people""I love this movie since the first time I watched it. Since then, This movie be one of my favorite movie. Not like the others romance movie, this movie is different. Not like you met someone, get to know each other, fall in love, and then there's some trouble, break up, and get back‚Ä¶"
0.2295082,0.5278266,0.24266523,192,mimi
0.055030487,0.28399628,0.6609732,193,The romantic comedy genre is not my go to with its cliched lovable loser protagonists and indie soundtracks. ¬†But this one has enough charm and heart that it‚Äôs a worthy of its praise.
0.13480465,0.6874033,0.1777921,194,eu amo vcs
0.8123413,0.17738433,0.010274392,195,why are we crying
0.056190364,0.79116374,0.15264586,196,Um dos meus filmes favoritos
0.0022295378,0.028579865,0.9691906,197,i liked it sue me :)
0.03892344,0.76054263,0.20053397,198,"Como me hace enojar esta pel√≠cula, es como mi discomfort movie"
0.6985129,0.25946972,0.042017348,199,"can we collectively agree to stop teaching men it's okay to build a relationship on lies (great movie, my trust issues are the problem)"
0.86358535,0.10608358,0.030331105,200,"Go live your ordinarily lives, you ordinary people!!!!!!!!!!!!!!!!!!!!!!!!!!!!!!!!!!!!!!!!!!!!!!!!!!!!!!!!!!!!!!!!!!!!!!!!!!!!!!!!!!!!!!!!!!!!!!!!!!!!!!!!!!!!!!!!!!!!!!!!!!!!!!!!!!!!!!!!!!!!!!!!!!!!!!!!!!!!!!!!!!!!!!!!!!!!!!!!!!!!!!!!!!!!!!!!!!!!!!!!!!!!!!!!!!!!!!!!!!!!!!!!!!!!!!!!!!!!!!!!!!!!!!!!!!!!!!!!!!!!!!!!!!!!!!!!!!!!!!!!!!!!!!!!!!!!!!!!!!!!!!!!!!!!!!!!!!!!!!!!!!!!!!!!!!!!!!!!!!!!!!!!!"
0.03173919,0.16936317,0.7988976,201,"If I could time travel, oh wouldn‚Äôt that be nice. Sure, it is a bit predictable and follows many clich√©s you‚Äôd typically expect from a rom-com but I think that‚Äôs part of the charm of this film. A well rounded and enjoyable watch."
0.001915453,0.013296246,0.9847883,202,it feels like im reading a book its beautiful
0.9491476,0.04567123,0.00518124,203,Mans is lying manipulating deceiving. I kinda hate it :// like they always do this w male time travelling ppl in movies it‚Äôs always him going back in time with cheat codes on the girls interests and job etc. ¬†Its just weird!! Bringing up her love of Kate Moss within the first min of u meeting her would not get u her love!!! I think it‚Äôs also just writing shitty women characters. I mean can we rlly expect to root‚Ä¶
0.4858269,0.4015304,0.112642735,204,This review may contain spoilers. I can handle the truth.  Don‚Äôt watch this movie if you love your dad ü•≤
0.662374,0.26139447,0.07623153,205,its about time... YOU SHUT THE FUCK UP~ LOLLOLOLOL subscribe for more humorous reviews. haven't seen the movie tho
0.12619945,0.7972426,0.07655799,206,me hund√≠ en mis l√°grimas
0.0018462101,0.015454363,0.9826994,207,beautiful movie with a beautiful message
0.16578443,0.61767346,0.21654212,208,MUITO bom
0.0015455728,0.007235341,0.9912191,209,Great movie. Great cast. Loved this story. Made me feel good about love and family and life in general.
0.6718997,0.28252348,0.045576837,210,started watching it thinking it was just a regular a rom-com and ended up sobbing rethinking about my life choices.
0.0016659184,0.010012555,0.9883215,211,Really makes me just wanna cherish every day of life ü•πü•π such a cute story
0.0024473362,0.026947314,0.9706053,212,alright this may be a perfect movie
0.1723328,0.67610615,0.15156098,213,la amo mucho
0.9422876,0.047863554,0.009848792,214,"tw: meltdownive never in my life watched the final 30 mins of a movie in x2 speed till now.first of all, THIS MOVIE IS SUCH BULLSHIT. you mean to tell me that im supposed to envy and wish for a love like that? THE WHOLE RELATIONSHIP IS BASED ON MANIPULATING AND LYING TO THE POOR WOMAN. i love kate moss headass. like i cant believe he stalked her into a random house party, lied to her best friend,‚Ä¶"
0.0024030025,0.04252727,0.9550698,215,"This was at least the fifth time I've watched this movie. I introduced it to my wife in 2020, and it has become her favorite movie. I've finally raised my rating to 10/10. This movie has all the feels -- just don't look too closely at the time travel."
0.07204986,0.84667474,0.08127534,216,"esse sempre me d√° vontade de chorar de t√£o lindo ¬† ¬†:(sei que todas as sinopses falam que √© sobre ele tentar conquistar a namorada mas acredito que seja bem mais profundo que isso, √© muito mais sobre a rela√ß√£o dele com o pai e sobre como aproveitar a vida mesmo que algumas coisas ruins aconte√ßam, porque sempre v√£o ter coisas boas tamb√©m"
0.001799264,0.048862167,0.94933856,217,A feel good movie with a moving story and sort of gives you a new perspective on life
0.65179116,0.31332386,0.034885,218,well damn
0.00543002,0.025989385,0.96858054,219,Wow. Wasn‚Äôt sure I was gonna love this halfway through but certainly delivered in the end. Super thought provoking and worthwhile.
0.041044038,0.49124008,0.46771583,220,it was about time that i watched this movie
0.21694039,0.75777054,0.025289075,221,do they ever talk about kate moss or was the one time enough
0.005870588,0.029472943,0.9646564,222,"No jokes here, this is genuinely just a phenomenal film"
0.7715393,0.18573855,0.04272215,223,Lots to like here in the humor and cuteness but I think the film goes on for too long and is too tonally inconsistent for me to fully love it. I found myself caring less and less as the film went on after being initially hooked by the fun premise and lead performances. I just don‚Äôt think I‚Äôm a big Richard Curtis fan at the end of the day.
0.27526474,0.61258817,0.112147115,224,"This review may contain spoilers. I can handle the truth.  chorei igual uma vagabunda com a morte do pai dele, acredito que tenha sido um gatilho pra mim. mas toda a hist√≥ria √© sensacional, a trilha sonora √© sensacional. amei!p.s.: eu tamb√©m quero um p√¥ster de am√©lie poulain üò©"
0.0032884674,0.008695798,0.9880157,225,"i love this movie so much, one of my favourite movies rachel mcadams has been in. i do admit the ending made me tear up a little, but i managed to hold it in because no one else was on the verge of tears. i think this movie is truly beautiful and it gets you thinking for a while after you watch it."
0.0064676716,0.042233076,0.95129925,226,"This review may contain spoilers. I can handle the truth.  My favorite of all time. The ending of this movie always gets me.I just try to live every day as ifI've deliberately come back to this one dayto enjoy it as if it was the full final dayof my extraordinary,ordinary life."
0.12975997,0.7918465,0.078393556,227,n√£o consigo parar de chorar que filme lindo
0.046134263,0.8352538,0.118611984,228,"Assistir esse filme √© como receber um abra√ßo quentinho de quem voc√™ gosta. Ele √© perfeito em todos os aspectos, eu adoro a din√¢mica da viagem do tempo, os personagens s√£o fant√°sticos e a trilha sonora √© maravilhosa, um dos meus filmes de romance favorito."
0.31014708,0.60483116,0.085021764,229,Ofc only the men got to do it üò§
0.70187944,0.25466436,0.043456253,230,"This made me sob, it gets a heart.¬†I don‚Äôt make the rules."
0.17132401,0.5579668,0.27070916,231,ILLLL MOOOOONDOOOOOO
0.13062628,0.31251082,0.55686295,232,I would go back in time to when friendlies still had blue drink. Better times. This movie also made me cry immensely.
0.008866573,0.07014127,0.92099214,233,beautiful
0.14895914,0.45452225,0.3965186,234,Ok I forgot some of the references to women are a bit dodgy but it remains a firm favourite :-)
0.01331518,0.10294313,0.88374174,235,Beautifully written
0.039245322,0.73701,0.22374465,236,"il moooondo , de mis pel√≠culas de amor favoritas me gusta mucho la trama y en si la pareja es Muy linda"
0.7568174,0.18863146,0.05455117,237,Fuck yeah brother oooweee
0.0018981366,0.01897218,0.9791296,238,Fantastic film with a true meaning of how to appreciate life!! Wholesome¬†Also Cleo cried
0.27670696,0.6637317,0.059561294,239,chorei muito com ele se despedindo do pai dele üò≠
0.76703334,0.21835867,0.014608,240,Esta pel√≠cula me ha hecho sentir muy c√≥moda:((
0.1587906,0.76055425,0.080655135,241,hopeless meüò∏carino
0.798223,0.17719634,0.0245806,242,For years i refused to watch this movie bc I thought it was a sappy rom-com and in reality it was a MASTERPIECE
0.04313428,0.8586182,0.098247506,243,"achei esse filme muito bom e, por mais engra√ßado que possa parecer, ele me deu vontade de ter um pai porque a atua√ß√£o do cara, me lembrando ethan hawke em before sunrise, √© t√£o humana e t√£o natural - esse filme por inteiro desfruta dessas caracter√≠sticas de humanidade e naturalidade, na verdade, muito apesar da quest√£o da viagem temporal. at√© essa mesma parte fantasiosa acaba sendo incorporada nas tens√µes da vida de tim (a exemplo de como a Vida, simplesmente‚Ä¶"
0.06631447,0.879716,0.05396961,244,when is it my turn?
0.8731052,0.11048236,0.016412402,245,needed to ugly cry
0.11797153,0.7969962,0.08503234,246,"n√£o achei que fosse chorar com o final, por√©m me desfiz em l√°grimas"
0.08046263,0.3914282,0.5281092,247,i wish someone loved me like all the people in this movie were loved
0.111649506,0.8139149,0.07443559,248,Nossa eu tinha esquecido de como esse filme √© bom
0.07710915,0.8253792,0.097511716,249,no in√≠cio fiquei meio q implorando pra ele acabar logo mas da metade pro final fiquei apaixonada achei a mensagem muito linda chorei muito na cena da praia e quando ele disse o que ele decidiu fzr de diferente do que o pai dele tive um treco lindo demais;RACHEL MCADAAAAAAMSSSSSSS
0.0048692035,0.049920905,0.94520986,250,very enjoyable
0.0064850487,0.028520888,0.96499413,251,Did bro just reject margot robbie?! üóøAnyway. LOVED THE FILM. Racheal mcadams looks like a dream in this film ‚ú®
0.11436712,0.45651224,0.42912063,252,"Watched it again, cried again."
0.0042143334,0.020658353,0.97512734,253,Great movie i cried i would rewatch it if i could
0.97280735,0.024316406,0.0028762845,254,Bro TEARS i am in excruiciating pain WHY WOULD YOU DO THIS TO ME started bawling so bad I began to think it was just probably an underlying case of an existential crisis that happens to be triggered by the last ten minutes of the film .......#stoked
0.16422427,0.38343015,0.45234555,255,was absolutely lovely but i cant help but think that time travel would‚Äôve had more serious effects than it does in the filmüòï
0.0030418215,0.15119672,0.8457615,256,I like kate moss too
0.004068839,0.026638165,0.96929306,257,This movie hit a lot of the right notes. It‚Äôs as simple as that. A very simple movie with a lot of good flavor that doesn‚Äôt trip over itself on the unimportant details and just has fun with its conceptual basis. Cried like a baby at the end. Really catches you off guard when the time comes to feel emotions. Definitely going down as one of my favorites.
0.004211817,0.029184397,0.96660376,258,This is a nice feel good film that could be rewatched hundreds of time. There is a certain british charm that is comes from the characters and their family dynamic. It sticks so true to real life that the superpower feels like a side plot and not something obnoxious that takes over the whole film.
0.057817575,0.8638175,0.07836489,259,obrigado ricardasso por me recomendar MT bom
0.15135528,0.30959123,0.5390535,260,IM CRUSHEDüò≠üò≠üò≠üò≠üò≠üò≠‚ù§Ô∏è‚Äçü©π‚ù§Ô∏è‚Äçü©π
0.030840207,0.76862735,0.20053248,261,Simplesmente um dos melhores filmes de romance
0.20122132,0.42241332,0.3763653,262,one time i forgot the name of this movie and just looked up ‚Äúmovie about a ginger kid that can time travel‚Äùthought the movie was cute but also weird??
0.08606823,0.19947338,0.7144584,263,"It's absolutely lovely, I only wish it didn't end on ""True Happiness is not Time Travelling at all"" it was a bit too Sainsbury's Advert‚Ñ¢Ô∏è which made it cheap."
0.030961191,0.8149165,0.15412228,264,Director Richard Curtis asks the groundbreaking question: What if British people were capable of experiencing emotions?
0.0113451015,0.476254,0.5124009,265,I rewatch this for Uncle Desmond
0.6529134,0.21656093,0.13052565,266,sobbed for the entire second half of this movie and was so emotionally distraught that I had to sit in the same room as my dad for quite some time to make sure he wasn‚Äôt dying.this was literally the whole package:- silly goofy rom com that made me cry- completely devastating father-death-arc that also made me cry¬†who could want more!!
0.02145948,0.069998436,0.9085421,267,"One of the most inspirational movies I‚Äôve seen‚Ä¶called me out like crapJust‚Ä¶keep watching. Finish it. Trust me.(If it weren't for that ending, it would‚Äôve gotten less stars from meüòÖ)"
0.009115332,0.02883868,0.96204597,268,"Just so incredibly beautiful and fun and heartbreaking and while I actually don't think it's perfect, it just really resonated with me in a way very few films do.Such a creative concept for a romcom and it's executed so well. Curtis's direction is beautiful and I actually thought the script was really charming. Gleeson and McAdams are both fantastic and Nighy is obviously incredible.I do somewhat agree with some reviews that say it has the same issue as‚Ä¶"
0.54216486,0.3686013,0.089233875,269,will always make me cry a bit
0.009076713,0.12430906,0.8666142,270,"‚Äúi just try to live every day as if i‚Äôve deliberately come back to this one day to enjoy it as if it was the full final day of my extraordinary, ordinary life‚Äù"
0.95752954,0.03621037,0.0062600966,271,I want to die
0.16610126,0.75510323,0.07879544,272,Sevdiƒüim nadir romantik filmlerden
0.0016057991,0.0114595,0.98693466,273,one of the best films ever made‚òùÔ∏è
0.16877396,0.79865664,0.032569405,274,ÿÆ€åŸÑ€å ÿπÿßŸÑ€å ŸÖŸÅŸáŸàŸÖ ÿ≤ŸÖÿßŸÜ ÿ±Ÿà ÿØÿ± ÿ≤ŸÜÿØ⁄Ø€å ŸÖÿπŸÜ€å ŸÖ€å⁄©ŸÜŸáÿå €åÿß €åŸá ÿ¨Ÿàÿ±ÿß€å€å ÿßÿ±ÿ≤ÿ¥ ÿ≤ŸÜÿØ⁄Ø€å ÿ±Ÿà ÿπÿßŸÑ€å ŸÖ€åŸÅŸáŸÖŸàŸÜŸáÿå ÿßŸÑÿ®ÿ™Ÿá ÿ®Ÿá ŸÖÿÆÿßÿ∑ÿ® ÿÆÿßÿ±ÿ¨€åÿå Ÿà⁄Øÿ±ŸÜŸá ŸÖÿß ÿ™Ÿà€å ⁄©ÿ´ÿßŸÅÿ™€å ⁄©Ÿá ÿ¢ÿÆŸàŸÜÿØÿß ÿ®ÿ±ÿßŸÖŸàŸÜ ÿØÿ±ÿ≥ÿ™ ⁄©ÿ±ÿØŸÜ ŸÜŸáÿß€åÿ™ÿß ÿ≠ÿ≥ÿ±ÿ™ÿ¥ ÿ®ÿßŸáÿßŸÖŸàŸÜ ŸÖ€åŸÖŸàŸÜŸá
0.012292568,0.17893285,0.80877453,275,"Time Is life and life Is love, we need to learn to love people."
0.08987098,0.8506777,0.05945125,276,esse aqui so quem ja amou e voltou no tempo pra amar mais um pouquinho vai entender.....
0.17259496,0.7662571,0.06114795,277,"No hay mucho que me haya llamado la atenci√≥n a nivel t√©cnico pero como CHILL√â con esta pel√≠cula, con pocas pel√≠culas he llorado tanto como con esta, ya ni la chingan."
0.40065002,0.46041477,0.1389352,278,yeah the father-son stuff was cute and tugged at those lil‚Äô ole heartstrings but nah this movie was a little freaky
0.15187638,0.77079755,0.07732614,279,hermosa<3
0.07431141,0.7999033,0.1257853,280,Jankeeeeennnnnnn huilleennnnnnnn weneeeennnnnn bleiteeeeennn
0.15103596,0.6945762,0.15438785,281,Bro is me fr
0.0021925445,0.014887431,0.98292,282,godsent movie it‚Äôs crafted so well and i will cherish it forever
0.10191929,0.7884748,0.10960593,283,"esse filme √© simplesmente lindo, eu quero muito viver um amor assim, t√¥ chorando no frio e querendo me matar"
0.001985517,0.012011742,0.9860028,284,Started out as a solid romcom and ended as a beautiful commentary on the human life. Loved this movie
0.014994559,0.16314566,0.82185984,285,always get a good cry out of this one
0.15430336,0.64767694,0.19801973,286,bonita bonita
0.33595896,0.25956854,0.40447247,287,"I thought this movie was going to make me cry because of a romance trope, but it made me cry because I fucking miss my dad. Anyways, mission accomplished. Good movie, very sweet."
0.033406205,0.12766166,0.8389321,288,Not many movies can make me cry multiple times throughout. Those 2 hours really pack in so much in just the right way. It has me sentimental for moments I haven‚Äôt even experienced yet.
0.16060773,0.49009028,0.349302,289,ü•∫
0.008594606,0.4684391,0.5229663,290,Feel something today.
0.0036700156,0.02118815,0.9751418,291,"Do you consider yourself a sentimentalist person?Then this brilliant film is made for you!I can't even explain how great this film is.Okay okay, at this point we have love, love and more love.Love explained in two different ways, one of them around the love that you feel for you family specifically for your parents, and in the second place what you feel for your partner.Simply magnificent how it's explained, how the scenes were consequently in‚Ä¶"
0.20223935,0.68847895,0.10928174,292,Necesito un abrazo
0.20490931,0.3112773,0.48381338,293,"Unfortunately, not a fan at first watch. I knew going into this movie I wasn't going to be superrrr fond of it and I wasn't not wrong. The best part was the last 10 minutes when he realizes that the best part of his life was when he wasn't time traveling... yeah life is sweet when ur not cheating ur way through"
0.35507774,0.59231323,0.05260898,294,life is strange but if it had no message or complexity
0.050930675,0.78207994,0.16698934,295,"Lulu: 7/10""En un momento me dormi.""Diego: 9/10""Bait de twitter pero buena."""
0.0078053046,0.08792321,0.9042715,296,"I just try to live every day as if i've deliberately come back to this one day to enjoy it as if it was the full final day of my extraordinary, ordinary life."
0.36908486,0.33746955,0.29344562,297,The poshness is insufferable but it's a straight romance I actually enjoy
0.030786525,0.57018316,0.39903036,298,Reflex√£o sobre como viver a vida. Aproveitando ela como se fosse a √∫ltima.ROMANCE LINDO!
0.10909928,0.8364258,0.054474905,299,nao eh tao bom mas eu gosto demais lindos tenho memoria afetiva
0.002289406,0.011825867,0.9858847,300,Best film ever made - not close. The overall message and the relationship Tim has with his dad is beautiful.
0.036142204,0.31004292,0.65381485,301,Man. Wish I could go back in time and watch this again.
0.13675082,0.7477337,0.11551541,302,eu to destru√≠da
0.49923044,0.37464482,0.12612471,303,"his dad was very wholesome and the whole relationship was very nice to see, but this movie‚Ä¶ there‚Äôs no moral to the story, there is no point to it. the main character just takes advantage of every given scenario and is living a life which is led by himself really, nothing is authentic as he tries until it‚Äôs his way of the event‚Ä¶ i don‚Äôt understand how this film tries to display authentic love and chemistry and relationship when it‚Äôs just a man being quite beggy? forcing it doesn‚Äôt really display true chemistry unfortunately but decent film"
0.05817453,0.30557865,0.63624686,304,Saccharine and problematic if you think about it too much. But at the heart of it an interesting story on the beauty of taking each day as it comes.
0.08994635,0.8343329,0.07572075,305,"Sem boiolagem, um dos filmes mais lindos que j√° vi"
0.1923566,0.6590807,0.1485627,306,"Writing is rewriting and though there are many passages in my books that are essentially a first take, everything else can take many, many attempts before it finds the ideal shape. And what makes it ideal? I know it when I read it.Paul Lynch"
0.03132644,0.46025854,0.50841504,307,üëå.
0.066990875,0.19396254,0.7390466,308,Bill Nye my god you are a good actor. The most I've ever cried at a film.
0.003012093,0.040406868,0.956581,309,"If you‚Äôre gunna watch a romantic movie with a twist, this movie is the top of the pyramid. Could watch it again and again"
0.79707175,0.15821822,0.04471005,310,Will SOBBED
0.0035384293,0.014227969,0.9822336,311,wow this movie had me cryin! such a beautiful film üò≠
0.08037318,0.6747706,0.24485625,312,lindo demais adorei
0.13715091,0.759135,0.103714086,313,mds amo esse filme
0.040248375,0.811146,0.14860553,314,"Una pel√≠cula de comedia amorosa, bastante linda y con un mensaje que te va a llegar."
0.005582675,0.021981327,0.97243595,315,the score in this pavlov dogged me into a stream of tears whenever it played plus rachel mcadams is just rly pretty so 4.5 stars from me !!!
0.22974287,0.28840542,0.48185173,316,Rachel McAdams is a god damn treasure
0.47952527,0.36302376,0.15745097,317,love cheesy sad ~existential crisis~ inducing rom-comsall the stars
0.060762033,0.87331516,0.065922834,318,Revi isso de novo e chorei de novoQUE FILME BOM
0.05769662,0.76287603,0.1794273,319,Por siempre mi favorita
0.5954518,0.3735756,0.030972583,320,"No time for a review, I need to ring my dad like right now"
0.1386145,0.78178716,0.07959839,321,iiiii o cara saindo do armariokkkkmkkkkkkk
0.19384626,0.49526888,0.31088477,322,"""No, of course not. No. it‚Äôs girl friend. Yeah your friend who is a girl. Which you so clearly are. I‚Äôm just gonna go and get my boyfriend, who is a boy‚Ä¶""I live for this interaction"
0.049457565,0.18917932,0.76136315,323,"This review may contain spoilers. I can handle the truth.  Still I couldn't accept the fact that he tried to get Mary tricked. Though happy with the message that life has to be lived to the fullest. I love the dad portions. Him as a literature person was absolute best. The girl Mary reminds me of someone very special. Glad, she did."
0.9787806,0.01671452,0.0045049354,324,shut up u fucking ginger this is the worst movie i‚Äôve ever seen i hate it so muchüñïüëé
0.47650796,0.4698194,0.053672645,325,Tears blud
0.012814226,0.07860027,0.9085855,326,"a straight‚Ñ¢ banger! it's off to a harrowing start but it does get better past the midpoint. never funny or interesting, conversations feel just as deep as your first couple days talking to someone on tinder, and the heartfelt moments are all about getting those delicious and savory salty tears out of you, not due to its great character development or shocking revelations, just the most basic setups that will surely try move your heartstrings."
0.04181466,0.5477262,0.41045916,327,gostei o come√ßo tava meio devegar a√≠ tava meio ansioso mas o desenrolar dele foi muito bom gostei e o final quase chorei E tem a rachel mcadams ü§åüèªü§åüèªüò≠üò≠üò≠
0.0043486278,0.09066421,0.9049871,328,"comfort movie fr""we're all traveling through time together, every day of our lives. all we can do is do our best to relish this remarkable ride."""
0.09960408,0.2818707,0.61852527,329,Bawled my eyes out like a little baby all over again.
0.05106063,0.22601466,0.7229247,330,"i think this movie is quite nice representation of how it is when realistically falling in love with someone. the date scene? i think it perfectly represents the faulty limitations of the mind of two ‚Äúyoung‚Äù peopleon serious topics , which in the end align with each other , ehich causes them to find each other attractive. BUT it doesn‚Äôt matter, it doesn‚Äôt matter at all, as you van see. cause in most cases it‚Äôs about individuals, not the whole world. it‚Äôs about you.¬†after: oh god it took a whole turn in¬†the end."
0.104973905,0.5455695,0.34945655,331,More of these rom-coms please
0.078845695,0.74131876,0.17983559,332,as√≠ se ve el amor
0.0014719951,0.009882118,0.9886459,333,This film change my entire life. The best couple ever written by the best way ever.
0.0024430188,0.006784077,0.99077296,334,i loved so much. such a sweet movie abt life
0.0017518373,0.021126539,0.97712165,335,"solid ginger representation in this one. i counted about 3, maybe even 3.5 redheaded people and all of them were decent, likeable characters. good stuff."
0.060563043,0.87001735,0.06941958,336,"Um filme com uma premissa interessante por√©m com um contexto muito abordado em diversos meios da cultura pop, a viagem no tempo, o que j√° te deixa meio p√© atr√°s de ser mais um filme gen√©rico sobre esse tema , contudo esse filme √© simplesmente fant√°stico, mostra um lado das rela√ß√µes humanas muito interessante e debate muito que n√£o d√° pra ter tudo que voc√™ quer sempre, e voc√™ est√° fadado a fazer uma escolha, como o fil√≥sofo Jean-Paul Sartre‚Ä¶"
0.097847305,0.827281,0.07487169,337,muito bonitinho ü§ß mas eu ainda tentaria ganhar na loteria depois do terceiro filho
0.0019541518,0.012459131,0.98558664,338,"Make sure you have enough tissues ü•≤. Genuinely moving, amusing, entertaining and a sweet movie."
0.110830925,0.3405067,0.5486624,339,Man born into extreme privilege is gifted powers to make his life even better
0.8652346,0.12230097,0.012464477,340,this absolute NERD used the power of time travel to get a gf
0.011802877,0.083977066,0.9042201,341,i hugged my parents so hard after watching this
0.029353637,0.7925214,0.17812493,342,First Movie with Sinta:Bias lang ako sa movie na 'to. Third time na 'to tapos with my special someone.
0.04259408,0.8380964,0.11930957,343,Una comfort movie hermosa te amo es bella
0.080229506,0.26290676,0.65686375,344,"daddy issues kicking so hard to the point i could do anything to have that kind of relationship with my dad¬†every moment, seconds, minute, hours of our life should be cherish bc we‚Äôre not tim to go back in time and fix what it should be :)"
0.04167851,0.08363449,0.874687,345,About time is such a wholesome and heartwarming movie. Rachel McAdams and Domhnall Gleeson are amazing together. Although it is very heartwarming at times it is so very sad. The scene where Tim goes back in time to the last moment he is able to see his father ever again was so god damn sad I almost cried. A very good romantic comedy that I enjoyed a whole lot.
0.06261626,0.6888121,0.24857163,346,Cora√ß√£o ficou quentinho !!
0.096683584,0.7823379,0.12097854,347,"Pel√≠cula con la que no puedo ser objetivo, es y ser√° mi favorita o si no una de mis favoritas. Su narrativa del amor, en todos sus tipos y sentidos, hace que me enamore de esta obra una y otra vez cuando la vuelvo a ver."
0.23357631,0.6473613,0.11906237,348,‚Ä¶ oh what I‚Äôd do to go back six weeks.
0.89165735,0.0968311,0.011511517,349,UK Version of Click (2006) ... but way worse.
0.010385125,0.27915415,0.7104608,350,gonna go hug my dad
0.12955192,0.30209666,0.56835145,351,Glad I watched the end of this movie alone cause i was a bit of a mess
0.004359396,0.08639597,0.9092446,352,"""We're all traveling through time together, every day of our lives. All we can do is do our best to relish this remarkable ride""."
0.12813017,0.39782077,0.474049,353,"i have always wondered what i would do if i ever could change things in my life. in my opinion, time traveling seems to be the most realistic of superpowers to (theoretically) have. but unfortunately, we were not born superheroes. in this routine and decadent life, the best miracle we have is to learn and be better as go. tell them if you love them, hug them when you love them, show them once you love them. it's a short‚Ä¶"
0.030082641,0.81045264,0.15946467,354,"The Notebook, but ultimately British because Bill Nighy is in it."
0.06773138,0.83106005,0.101208575,355,"La idea de revisitar el pasado adquiere un sentido m√°s profundo en About Time,¬†ya que en lugar de viajar al pasado para escapar de la realidad, puedes revisitar el pasado para aprender a apreciar la belleza de los momentos fugaces y utilizarlos como fuente de aprendizaje y crecimiento personal.¬†Siempre dando la importancia al presente sin dejar de lado el pasado, que es de donde todos venimos.El amor verdadero no radica en la perfecci√≥n sino en su autenticidad."
0.10178651,0.8093117,0.08890178,356,Depois desse filme eu tive a maior reflex√£o sobre toda a minha vida.Eu simplesmente amei cada segundo desse filme.
0.06650863,0.8618175,0.07167396,357,nao acredito que chorei com esse filme de BAITOLA
0.9097655,0.079551,0.010683549,358,No one should see the way I was violently sobbing and dry heaving after this.
0.0021990398,0.016357493,0.9814434,359,so very cute
0.0015294261,0.006012534,0.9924581,360,The most beautiful thing about this movie to me is all the little moments that happen along the way or in the background. That‚Äôs exactly what the point of the movie is to me: to appreciate all the little moments that life gives you. I love everything about this movie and I think I always will.
0.9048551,0.08475995,0.010385043,361,It was awkward boring and odd but in a British way.
0.06976693,0.84072644,0.08950663,362,muito fofo estava esperando so uma romcom e me surpreendi
0.08897001,0.84185004,0.06917998,363,"J√° perdi a conta do n√∫mero de vezes que eu assisti esse filme, e √© simplesmente o melhor do g√™nero ""conforto"" que eu j√° vi. Acho que justamente por ser uma obra rom√¢ntica, com uma com√©dia casual e bastante drama, n√£o porque ele √© um show depreciativo, mas por tocar em assuntos delicados que normalmente ningu√©m aborda. Questionamentos esses que trazem filosofias novas, resgate de aprendizados e alguns momentos da vida que de primeira parecem banais, mas na verdade s√£o‚Ä¶"
0.18083908,0.72595817,0.09320268,364,"This review may contain spoilers. I can handle the truth.   Todos n√≥s viajamos juntos pelo tempo todos os dias das nossas vidas. S√≥ podemos fazer o melhor para aproveitar esse passeio surpreendente.Eu amo esse filme. Ele me causa tantas coisas: felicidade, tristeza, dor, vergonha alheia, paz e serenidade.Eu amo como a hist√≥ria √© contada, amo todas as mudan√ßas que acontecem. Amo os personagens. Amo o relacionamento do Tim e Mary.Amo o relacionamento do Tim e seu pai. As cenas deles se despendindo parte meu cora√ß√£o. Amo as‚Ä¶"
0.019956985,0.37642273,0.6036203,365,i too would go back in time countless times to get rachel mcadams to fall in love with me
0.008768707,0.05004669,0.9411846,366,"This movie has never failed to make me cry in the four times I've watched it. Disguised as a rom-com between Tim and Mary, About Time is actually a movie about a beautiful relationship between a father and his son as they grow up. Well worth the watch despite the holes you can find in the time travel"
0.15047148,0.7870822,0.0624463,367,"Fazia tempo que eu n√£o assistia um filme t√£o bonito e emocionante como esse, s√©rio √© t√£o lindo que doi, sai desse filme uma pessoa melhor."
0.0047575333,0.0131060025,0.9821364,368,"I forgot how good this movie is.¬†The time travel premise is intriguing asf and it delivers such a meaningful message. By the end, that shit hits deeeeep and I appreciate the time spent. 8.4/10 üï∞Ô∏è"
0.09739393,0.77290636,0.1296997,369,Es la tercera vez que la veo y me sigue encantando
0.020278605,0.51401776,0.46570367,370,amor: cada dia √© lindoeu: feliz de ver um dos meus filmes favoritos com minha pessoa favorta. ele amou o filme!!!!!
0.09950692,0.84947866,0.051014382,371,‚ÄúOlha em volta. N√£o √© lindo aqui?‚Äùqueria um filme de romance clich√™ pra passar o tempo e terminei tendo uma crise existencial
0.25356668,0.502695,0.24373828,372,√©
0.0016379819,0.015869854,0.9824921,373,Cute movie cool premise. 87/100
0.0028840553,0.023089703,0.9740262,374,I swear it gets better ever time I watch it
0.33293453,0.1644818,0.5025837,375,fuck this movie i love it
0.029183295,0.74446756,0.22634923,376,De las pel√≠culas de amor m√°s hermosas que he visto y como usan los viajes en el tiempo para darle una trama un poco diferente¬†Aparte me recuerda al man que me gusta lol
0.929043,0.06603501,0.0049219704,377,so he never told her he could time travel?!!also if this was in real life this guy would be a huge creep
0.052466087,0.82281196,0.124721974,378,ÏöîÍ≤ÉÏùÄ ÏôúÎ†áÍ≤å Îî∞ÌùëÏä§Îü¨Ïö¥Í≤ÉÏù¥ÏßÄ!
0.0017152684,0.026390176,0.9718946,379,A sweet movie!
0.10156813,0.819328,0.07910382,380,n√£o sei nem como descrever como eu sou apaixonada pela forma como esse filme me faz chorar e na cena seguinte dar risada. √© impec√°vel do come√ßo ao fim
0.1257803,0.77515113,0.099068545,381,"queria fazer piada mas nao consigo, que filme lindo"
0.14481175,0.73100847,0.1241797,382,la verdad una obra maestra
0.08255021,0.7541564,0.16329336,383,"Siempre que que la termino de ver siento un enorme vac√≠o en el pecho, me hace mierda el final. A√∫n as√≠ logro recuperarme porque el amor es la m√°s poderosa de las fuerzas y todo va a salir bien."
0.4897425,0.48293564,0.02732194,384,if i were him i would have stopped 9/11 personally
0.39335114,0.50070834,0.10594057,385,‚Äúall the time travel in the world can‚Äôt make someone love you‚Äù
0.006323752,0.30635774,0.68731856,386,em o menage ao dia dos namorado üíò
0.10830627,0.8278418,0.063851915,387,"o tipo de filme que parece um abra√ßo quentinho, ""tudo"" d√° t√£o certo que comecei a ficar morrendo de medo de acontecer algo errado. e se vc tem daddy issues esse aqui vai te dar vontade de morrer, maravilhoso."
0.07660678,0.83077645,0.09261687,388,Que locura de pelicula.Un largometraje que me trae sentimientos unicos cada vez que la veo.
0.08305017,0.8315162,0.085433684,389,Como eu amo romances
0.012086498,0.0612551,0.92665845,390,so intensely british with soundtrack that absolutely rips. the perfect film
0.0049011577,0.021051606,0.97404724,391,best coming of age/rom-com/oh shit he‚Äôs magical/ginger representation movie EVER!!! every time i watch it i levitate into the air
0.064311765,0.85459614,0.081092164,392,"Esse filme e maravilhoso mostra que temos que aproveitar todo os dias como se fosse √∫nico, e que qualquer mudan√ßa que nos fizemos ou dizemos pode arredar em um efeito muito negativo no nosso futuro e que devemos apenas ""deixar rolar"" maravilhoso adorei."
0.7256495,0.22306007,0.05129052,393,"Made me cry, again"
0.073561415,0.27403653,0.65240204,394,Was forced to watch it at a gun point. Enjoyed it tho
0.8651549,0.12974766,0.0050974283,395,"People who critique the films use of time travel, the film really wasn't made for you"
0.0042515136,0.024227971,0.9715205,396,I'm not always a fan of these kind of films but this completely surprised me. It was engaging from start to finish. It pretty much jumps straight into the time travel thing which automatically makes it super interesting. It doesn't rely on this ability as much as I thought but instead focuses more on relationships and such. Usually stuff I don't really engage with but ended up loving.There was some great performances that made this extremely memorable. Besides from‚Ä¶
0.62057614,0.33054036,0.048883464,397,vsfd üò≠üò≠üò≠üò≠üò≠
0.22430746,0.34785968,0.42783287,398,"10 years since this masterpiece was released. Based on the title no one would have guessed this is a sci-fi (technically, it is). I watched this on the plane back from Seattle and completely came undone‚Ä¶ I haven‚Äôt cried like that at a movie in a long time."
0.044028666,0.09574107,0.8602303,399,rachel mcadams try and not be in every rom com challenge¬†fr tho this was so good i could almost ignore his red flags especially at the start and the soundtrack was sick
0.24458739,0.32170027,0.43371233,400,"This was TOOOO enjoyable. (Bro really turned down Margot Robbie I would‚Äôve folded immediately, better man than me fr)"
0.07184997,0.16486236,0.76328766,401,omg just realised i can do half stars on this cool.enjoyed the start but got confused and annoyed at the time travel man throughout itstar because i love rachel mcadams
0.0068690665,0.039515372,0.95361555,402,"It was perfect. Perfect. Everything, down to the last minute details."
0.09881858,0.818103,0.08307846,403,dps ficou t√£o sem sentido e chato sei l√°
0.086743325,0.21423274,0.6990239,404,"This review may contain spoilers. I can handle the truth.   The performances were great, especially Domnhall Gleeson‚Äôs family in the film. Makes me wish I had time travel to fix things in my life, but it honestly may not be authentic if that were the case. The time travel gimmick makes for some funny scenarios.Edit:Adding one more thing. I really adored this film, but I couldn‚Äôt help but feel the fact that Tim (Domnhall Gleeson) never tells his wife about his time ability makes it feel a little‚Ä¶"
0.9355167,0.05617652,0.008306711,405,"This movie made me feel like I was dying. I hated watching this awkward British ginger keep trying to date Rachel McAdams. People say this is a feel good movie but I felt bad the whole time. An explosive radiation of foul energy.Perhaps I‚Äôm just a monster but wouldn‚Äôt regular people look like ants if you could keep going back in time like this? Maybe, maybe not I guess."
0.045572743,0.84268945,0.11173782,406,"Sim, eu vi este filme em 2023 e ningu√©m me obrigou. Tornei-me nesta pessoa‚Ä¶ e amei"
0.018722933,0.30232558,0.6789515,407,n√•r m√¶nd har den narrative kontrol til at sk√∏desl√∏st jagte deres eftertrukne kvinde ved hj√¶lp af stalking og bedragüòçüòç
0.034766153,0.8374162,0.12781766,408,Meu romance/drama favorito
0.0033699244,0.027515672,0.9691144,409,"definetly one of my favourite romantic movies, specially cause i have feelings for gingerheads. it made me fell in love with life, nd those are the best kind of movies. the thing is we can't travel back in time so if you fall in love don't hide it, we are not here forever."
0.04980618,0.28819713,0.6619967,410,this is the only thing keeping me sane in this weird episode i‚Äôm having
0.9000573,0.089743495,0.0101991305,411,i would do some wicked shit
0.0042416444,0.025356008,0.9704023,412,Definitely need to watch this again when I‚Äôm in adulthood and it‚Äôs definitely going to hit hard but I mean it was a pretty sweet movie and I liked it.Definitely going to think about this one during my monthly existential crisis late at night
0.113328844,0.8017971,0.08487398,413,jope lloro como una magdalena siempre k la veo
0.007991008,0.027298158,0.9647108,414,"this changed my entire view on life, like actually. his relationship with his dad is so sweet and i admire it so much. when he talks about the last lesson he learned at the end, it just killed me. this is definitely going into my favorites."
0.0050620637,0.112493895,0.882444,415,"I think that, yes, everything will be okay, and that everything is okay.Or maybe everything just is"
0.00764473,0.10327775,0.8890775,416,one of my top ten of all time. acc changed my life
0.17423943,0.77718496,0.04857568,417,insanin bazen yenisehir treni tarafindaki sihhiye koprusu merdivenlerinden topukluyla inerken dusup kol bacak ne varsa burkup aglaya aglaya tek ayak ustunde ibni sinaya yuruyesi geliyo bu film iste tam oyle hissettirdi
0.561594,0.3737946,0.064611435,418,margot robbie being in this movie is so random
0.0014448934,0.009393695,0.98916143,419,This will forever be one of my favorites. It is an absolutely beautiful film about seizing the day.
0.4799802,0.47713348,0.042886313,420,This review may contain spoilers. I can handle the truth.  A CENA DELE VOLTANDO NO TEMPO CRIANCA PRA IR CORRER COM O PAI MA PRAIA EU QUERO MORRER üíî
0.009156508,0.07160455,0.919239,421,"Charming, lovely, heartfelt film - everything you'd expect from a Richard Curtis production. Critics may complain about the inconsistencies in the film's rules of time travel, but I found it to be one of the better time travel stories told on film. It sacrifices coherence in rules to evoke an emotional truth about the preciousness of time and how that can impact human life."
0.101776004,0.8065774,0.091646664,422,"‚ÄúGrande le√ßon numero 1 : vous pouvez remonter le temps autant que vous voudrez, vous n‚Äôobligerez jamais quelqu‚Äôun a vous aimer‚Äù"
0.010879015,0.036774606,0.9523464,423,oh my god i fell in love
0.029586347,0.1789206,0.7914931,424,Good to see him actually get the girl for once and just be happy and chill üò≠üò≠ also death to jimmy
0.07692392,0.27396914,0.6491069,425,"This review may contain spoilers. I can handle the truth.   Wow. Well, I guess I saw this long enough ago, that I did not review it back then. I remember seeing it the first time and really feeling like I could see why he would fall for her, but not the reverse. She seemed out of his league if you will. This time around, I was able to let go of all of that and just enjoy the movie for what it is. Richard Curtis (the director) is a genius‚Ä¶"
0.40958104,0.43246588,0.15795301,426,"‚ÄúDon‚Äôt mention the oral sex.‚Äù‚ÄúHow would that even come up?‚Äù30 seconds later‚ÄúHe‚Äôs living here‚Ä¶ with you‚Ä¶?‚Äù‚ÄúBut no oral sex, I promise.‚ÄùWell, I‚Äôm going to camp and won‚Äôt be back until July 9, so unless I finish rewatching BvS, this will be goodbye for a while. The Flash better be good. Goodbye."
0.40440822,0.48977393,0.10581778,427,üèìüò≠
0.29309076,0.6492984,0.057610735,428,Gonna go off myself
0.21007672,0.7446793,0.045243956,429,gusto ko din may ka momol habang pasakay ng tren huhuhuhuhuhuhu
0.13385724,0.66496974,0.20117304,430,5.5/5
0.4605733,0.49743432,0.041992426,431,Richard Curtis likes cue cards a little too much.
0.005146414,0.04883725,0.9460164,432,thought this was just gonna be a cute little romantic movie but instead i just felt something shift in my life so that‚Äôs fun
0.8913396,0.09314171,0.015518707,433,I cri
0.5104747,0.33341753,0.15610775,434,"Made me get into a bad relationship. Good job, movie."
0.1260073,0.7924268,0.08156591,435,"posso assistir esse filme vinte vezes, e ele nunca vai perder o encantot√£o lindo, emocionante, fofo e cativante amo esse demias"
0.09520589,0.34733284,0.5574613,436,"I wish I could say this was a pleasant surprise, but it's more that all the hype delivered.My all-time celeb crush is Rachel McAdams so it certainly earns bonus points for that. But what stood out to me most was how well they handle the time travel concept. It opens itself up to millions of potential potholes, but thjs isn't that kind of movie. They let it drive the plot without being the main message of the film. In‚Ä¶"
0.0015120328,0.015161054,0.98332685,437,One of the greatest explanations on what i believe is how to be happy and enjoy the moment. Also a cute romantic comedy
0.005810776,0.20400691,0.79018223,438,I hope to be Bill Nighy to my kids.
0.021969944,0.8363856,0.14164445,439,Confort movie hmmmmm bem lindinho
0.20842771,0.726241,0.06533129,440,izlediƒüim en boktan a≈ük filmi konu g√ºzel i≈üleni≈ü √ß√∂p
0.0018776517,0.013812756,0.98430955,441,Everytime i see beautiful actress i fall in lüòçve.It feels like pleasure to the eye.
0.03694558,0.87703097,0.08602347,442,come√ßou um romance fofinho e terminou com um melodrama familiar mas ele sabe ser bonito e dram√°tico como prop√µe
0.006690443,0.20872225,0.78458726,443,heart warming
0.030553725,0.4675287,0.50191754,444,I want to time travel
0.18724853,0.7591747,0.053576745,445,WHO WAS THE UNCLE
0.008438081,0.134666,0.85689586,446,"Saw this film after unknowingly walking into an attempted foursome so the portrayal of monogamous love on film felt so much more comforting than it normally does. Also, Domhnall Gleason and Rachel McAdams have very good awkward meet cute chemistry. Also also, one of the most intimate portrayals of father-son love I‚Äôve ever seen on film.¬†Through out the movie though, I had a very unsettled feeling about how Domhnall‚Äôs character was using his time travel¬†power for his romantic pursuits‚Ä¶"
0.01082518,0.1848369,0.804338,447,10/10The absolute peak of romcoms.
0.42153522,0.3285571,0.24990769,448,"This movie has so many issues but I can‚Äôt deny that it‚Äôs effective at making me cry. Great stuff, throw logic out of the window and just be sad for a while."
0.0043518795,0.093187325,0.9024608,449,"‚ÄúWe're all traveling through time together, every day of our lives. All we can do is do our best to relish this remarkable ride.‚Äú"
0.18078762,0.6893555,0.12985688,450,Dominguera buena
0.97987235,0.017242093,0.0028855598,451,"One of the most insufferable films I have ever seen my GODDDDDD!!!!! jfenbhrjfweiuhfewubfrhubgwuhwteutgt i am so madHow does this have 4 stars on LB? dswbhhiehrhuvehrirvheriuhvi!!!!!!!!!111Heteronormativity is a sick and twisted, boring disease we need to find a cure for before it's too late"
0.094844535,0.21303268,0.69212276,452,"this movie is shocking and I think it‚Äôs the blueprint for good masculinity. i can‚Äôt fault this movie for much, as you think it‚Äôs one thing but it‚Äôs actually a love story in a different way. Good movie"
0.011131808,0.111885935,0.8769823,453,a perfect film
0.0025586328,0.013080611,0.98436075,454,"Well, this one made me feel warm and fuzzy inside. Just a simple lil film about simple ol life. Life is beautiful huh?Fantastic idea. I thought it was executed pretty well. I ¬†feel like it was a little too long for what the film had to say; but I‚Äôm very glad I stayed for it."
0.571489,0.32842553,0.10008548,455,A rom com about fathers and sons that made me cry. I‚Äôm gonna call my dad.
0.142235,0.80036515,0.057399835,456,tengo demasiado que decir sobre esta pel√≠cula pero no s√© como hacerle justicia con palabras as√≠ que me ahorro el comentario
0.008871447,0.16273879,0.82838976,457,"This film is like snuggling up under a weighted blanket, next to a walm fire, on a cold, dark, wet and windy winters evening."
0.45909464,0.4928579,0.04804749,458,"the last half star would've been given if margot robbie was actually gay. i want some solidarity, richard."
0.0053977226,0.029923774,0.9646785,459,"A brilliant warm and heartbreaking as Sci-Fi romance filled with lots of warm, witty, and beautiful moments. It wasn‚Äôt perfect, but it was an incredible story filled with beautiful characters."
0.17616104,0.7308949,0.092944,460,"Creo que estoy muerto en vida, no recordaba que fuese tan cursi. Es una gran historia, pero ya no soy el mismo."
0.20392992,0.5020816,0.29398847,461,a little creepy at the beginning and kinda confusing but overall very wholesome
0.0027343712,0.058945887,0.9383197,462,"The most important thing that we can do in life is to treat everyday like it's our last, so let's just keep doing that"
0.06406768,0.87856233,0.057369992,463,gente muito bom tipo vcs n tem no√ß√£o do quanto eu chorei e dei risada eu amei tanto tipo de verdade bom mesmo asisstam muito bom eu amei t√¥ chorando queria poder anexar uma foto da minha maquiagem toda borrada de tanto que eu chorei a minha vida mudou a partir de agora eu sou uma pessoa melhor a partir de hoje e quando estiver me sentindo particularmente negligente com a vida vou voltar aqui eu amei muito .
0.14759171,0.7105778,0.1418305,464,divers√£o e choro
0.3829879,0.5658221,0.051189978,465,British people's Groundhog Day
0.13505374,0.8179198,0.04702648,466,um pouco incomodada com alguns acontecimentos mas tem uma mensagem bacana no final
0.8331214,0.15108903,0.015789501,467,unforgettable
0.04733933,0.6807953,0.27186534,468,"VI EM UM DOMINGO A NOITE COM MEU AMORR!! N√£o podemos mudar o passado, mas podemos pensar em um futuro!!Gosto como a obra brinca com o elemento de voltar no tempo de mudar certas coisas, mas nisso haver√° consequ√™ncias na vida do protagonista, que podemos observar no forma clara. Refor√ßando tamb√©m a ideia de viver nossos dias, mostrando essa moral na rela√ß√£o com o seu pai, Fico feliz em ter visto este filme com meu amor!! Depois de um grande tomando milkshakes, crepes de frango e ouvindo glue song abra√ßadinhosss! Uma grande mem√≥ria a ser guardada, lembrarei arduamente!! Amo amo te lorran!!!!"
0.008198085,0.03829185,0.9535101,469,One of my favorites and I cry almost every time
0.0043637087,0.21293992,0.78269637,470,"uma das melhores mem√≥rias cinematogr√°ficas criadas com meu bem :) MUITO obrigada por ver comigo esse filme que significa ttaanto pa eu 1 dia antes do dia dos namos monkyy pra fechar o dia com chave de ouro!! :D milkshake d moranguia, crepes, molho barbecue, spirity box, abra√ßo agarradinho ouvindo Glue, PRESENTIOS feitos a m√£o e about time, eu n√£o poderia ter imaginado um dia melhor com voc√™ meu amor, obrigada por ter chegado na minha vida e revirado ela de cabe√ßa pra baixoHow long will i love you? Always <3 com amor, seu c√£ozio mi√∫do üòÅ"
0.002765063,0.009021927,0.988213,471,Truly delightful. Loved it very much.
0.09149807,0.8200641,0.08843779,472,"le di m√°s estrellitas x esa quote q dice ‚Äúni todos los viajes en el tiempo har√°n que alguien te ame‚Äùo algo as√≠ dec√≠a, q buena frase la vdd"
0.009197973,0.38184586,0.6089562,473,"poster de amelie poulain, friday I'm in love e um homem ruivo que viaja no tempo. emocionante."
0.0021581277,0.019825075,0.97801685,474,"I can recall few experiences with film as personal and moving as my most recent watch of About Time. More than a romantic comedy with a twist, this is an expertly written, shot, directed, and scored masterpiece which bridges the gap between romance, drama, comedy, and tragedy like few have. Ending with a cliche yet profound message that will stick with you for a long time after, this was one of my favorite watches ever."
0.042176228,0.56109977,0.39672402,475,my dad has watched this film so many times that whenever i mention kate moss (icon) he recites the ‚Äòinformality of her older shoots‚Äô speech
0.100761004,0.8454816,0.05375735,476,n√£o aguento mais chorar toda vez que vejo esse filme
0.07130658,0.8432991,0.08539433,477,sempre fico feliz quando vejo este eh realmente uma obra de arte como q pode
0.05967341,0.86461765,0.07570901,478,"ok eu realmente achei que seria um filmezinho fofo mas nao tao bom (como one day) mas me surpreendi√© como um efeito borboleta, mas o roteirista de about time tinha um cerebro (diferente do roteirista de efeito borboleta que tinha uma macaco batendo pratos no lugar do cerebro) muito mais bonito, po√©tico e ador√°velo filme consegue criar um vinculo entre quem assiste e os personagens alem de uma cinematografia lindaa mensagem do filme eh bel√≠ssima e realmente te faz refletir sobre tempo perdido e escolhas"
0.0014210657,0.012201274,0.9863776,479,thank you father for the lovely movie suggestion
0.003540216,0.063790485,0.93266934,480,the message üò≠üò≠üò≠üò≠üò≠ reminder to myself to savor every day!
0.967366,0.027945045,0.0046889484,481,What an absolute load of shite
0.023181498,0.051663898,0.92515457,482,"This is quickly becoming one of my favourite movies, it rips me apart every time. Bill nighy is a legend. No complaints. I would watch this everyday if it didn't make me sob uncontrollably"
0.097254924,0.81438726,0.08835778,483,simplesmente esse filme. li uma review que diz que esse filme √© o equivalente a um abra√ßo quentinho e eu n√£o poderia concordar mais. estava precisando. (obrigado rafael pela indica√ß√£o)
0.17127661,0.59639984,0.23232357,484,"Wait, I want to have a family with my Bf?üò≠"
0.086074956,0.7899016,0.1240235,485,"o filme ja comeca dando um tapa na cara do diretor de efeito borboleta. as cenas s√£o incriveis, o di√°logo √© muito bom e tem bastante al√≠vio comico que realmente te faz rir. o filme REALMENTE √© bom, mas n√£o entendi porque ele quis ter um 3¬∞ filho se isso faria com que ele n√£o visse mais o seu pai??? tem uma √≥tima hist√≥ria de amor e n√£o apenas um cara fazendo tudo por uma mulher (cr√≠tica a efeito borboleta)‚Ä¶"
0.15780643,0.74803853,0.09415509,486,tirei muitas li√ßoes desse filme
0.002575238,0.0120499935,0.9853748,487,I would have loved this movie so much more if I had seen it a few years ago
0.05029761,0.8475914,0.102111004,488,"Lindo e comovente, ao mesmo tempo em que oferece uma vis√£o √∫nica e muito eficaz da fic√ß√£o cient√≠fica e do romance."
0.5682124,0.3210561,0.1107315,489,How on earth is Bill Nighy this iconic as the dad?How on earth does Rachel McAdams' character think that she looks like a squirrel?And how on earth does this movie go from being a regular rom-com to one of the most heartfelt movies I've seen in a long time?
0.094228715,0.8079425,0.09782877,490,El final en donde muestran lo hermosa que es la cotidianidad mientras estas con esa persona es simplemente maravilloso.
0.67468625,0.30359793,0.021715837,491,I broke some points cause of the perfection
0.0033536367,0.17911538,0.81753093,492,ai que filme lindo!!ü•∫ü´∂üèº
0.065979905,0.8623147,0.07170542,493,"Um filme fofo bem sess√£o da tarde, mas juro que se eu tivesse um poder desse eu ficava rica facilmente kkkkk. Linda mensagem de ficar vivendo um dia normal e depois viver de um jeito tirando as tens√µes da vida e tudo mais, mas sinceramente com essa rotina de faculdade, transporte p√∫blico e trabalho, de muita gente, eu acho meio brega essa mensagem, era s√≥ um n√∫mero da mega sena e a√≠ sim eu viveria curtindo um dia depois do outro aproveitando as coisas da vida, oxe √© cada uma viu"
0.029580293,0.69569206,0.27472767,494,meu filme de romance preferidooo <3
0.28459466,0.4824566,0.23294878,495,Balled my eyes out. I need a day in the life of Harry movie ASAP.
0.21771833,0.5576314,0.22465028,496,Lindo
0.028929502,0.75450206,0.2165685,497,Ce film aurait pu √™tre une excellente com√©die romantique sans cette topette d'immonde asperge rousse qui sert de h√©ros principal.
0.24702062,0.38018945,0.37278992,498,i either made the best or worst decision of my life by rewatching about time tonight
0.023942309,0.6759756,0.30008212,499,"vendo de novo e de novo e de novo quantas vezes forem necess√°rias na minha vida . como se fosse a primeira vez | "" - Only you my girl, only u babe, only u darling """
0.0013246185,0.015663663,0.9830117,500,One of the greatest romantic movies with a funky twist that I have ever seen.
